{
  "threshold": 0.9,
  "n_samples": 39942,
  "method": "anomaly: p90 of baseline-relative TSA over senior corpus (sequence-SNN)",
  "normal_stats": {
    "n": 39942,
    "mean": 0.11916937679052353,
    "std": 0.06098685413599014,
    "p50": 0.11806637793779373,
    "p95": 0.22564749419689178
  },
  "pyresbugs_stats": {
    "n_positive": 2000,
    "n_negative": 2000,
    "positive": {
      "n": 2000,
      "mean": 0.6603747606277466,
      "std": 0.2973225712776184,
      "p50": 0.7299333810806274,
      "p95": 0.9988232851028442
    },
    "negative": {
      "n": 2000,
      "mean": 0.6695524454116821,
      "std": 0.2955637574195862,
      "p50": 0.7413249015808105,
      "p95": 0.9990736842155457
    },
    "flag_rate_positive": 0.328,
    "flag_rate_negative": 0.341,
    "balanced_accuracy_at_primary_threshold": 0.49350000000000005,
    "optimal_threshold": 0.8598,
    "balanced_accuracy_at_optimal_threshold": 0.5005000000000001
  },
  "codecomplex_stats": {
    "n_positive": 2587,
    "n_negative": 2313,
    "positive": {
      "n": 2587,
      "mean": 0.7958933711051941,
      "std": 0.1981325000524521,
      "p50": 0.8500075340270996,
      "p95": 0.9960192441940308
    },
    "negative": {
      "n": 2313,
      "mean": 0.558886706829071,
      "std": 0.268804132938385,
      "p50": 0.569625973701477,
      "p95": 0.9677832126617432
    },
    "flag_rate_positive": 0.38229609586393504,
    "flag_rate_negative": 0.11889321227842628,
    "balanced_accuracy_at_primary_threshold": 0.6317014417927543,
    "optimal_threshold": 0.7267,
    "balanced_accuracy_at_optimal_threshold": 0.7012584623205823
  },
  "annotations_stats": {
    "n_positive": 298,
    "n_negative": 298,
    "positive": {
      "n": 298,
      "mean": 0.6659979224205017,
      "std": 0.31193816661834717,
      "p50": 0.7634570002555847,
      "p95": 0.9980709552764893
    },
    "negative": {
      "n": 298,
      "mean": 0.4319077134132385,
      "std": 0.2917323708534241,
      "p50": 0.39937910437583923,
      "p95": 0.9331368207931519
    },
    "flag_rate_positive": 0.3859060402684564,
    "flag_rate_negative": 0.08053691275167785,
    "balanced_accuracy_at_primary_threshold": 0.6526845637583892,
    "optimal_threshold": 0.8066,
    "balanced_accuracy_at_optimal_threshold": 0.6711409395973155
  }
}